source_name,author,title,description,url,published_at,content,matched_keywords,n_matched_keywords
CNET,Aashna Gheewalla,"This Ecovacs Robot Vacuum Scrubs Floors While You Relax, and It's at a Record-Low Price","Enjoy vacuuming, mopping and self-cleaning features while saving a nice 37%.",https://www.cnet.com/deals/ecovacs-deebot-x12-pro-omni-robot-vacuum-and-mop-deal/,2026-07-15T20:16:00Z,"Save $551: Normally $1,500, you can add the Ecovacs Deebot X12 Pro Omni robot vacuum to your cart for $949 right now. Forget about having a thousand different tools just to clean the floors. The Ecov… [+1264 chars]",robot vacuum,1
New York Post,Reda Wigle,How to make a DIY room air purifier as Canadian wildfire smoke invades NYC,"As Canadian wildfires are expected to bring extremely hazardous air quality to NYC, experts recommend this quick DIY solution.",https://nypost.com/2026/07/15/lifestyle/how-to-make-a-diy-room-air-purifier-as-wildfire-smoke-invades-nyc/,2026-07-15T15:54:01Z,"Summer is not the season for breathing easy. 
In New York City, the hottest months of the year come with increased concerns about pollution, pollen, and poor air quality.
And now, the city is proje… [+4430 chars]",air purifier,1
CNET,Ingrid Cruz,"Crisp, Bake and Save $21 With This Trusty Ninja 4-in-1 Glass Air Fryer",Grab the Ninja Crispi in a choice of three colors to match your kitchen for just $159.,https://www.cnet.com/deals/ninja-crispi-4-in-1-glass-air-fryer-2026-07-15/,2026-07-15T13:21:00Z,"Amazon has cut the price of the popular four-in-one Ninja Crispi air fryer by $21, so you can grab one for just $159 right now. The ultimate in quick and easy cooking, every kitchen deserves a multip… [+1380 chars]",air fryer,1
Slickdeals.net,gaamn114 | Staff,10-in-1 Ninja Prestige Smart XL Air Fryer & Countertop Oven $199.99 + Free Shipping (6 replies),"Amazon [amazon.com] has 10-in-1 Ninja Prestige Smart XL Air Fryer & Countertop Oven for $199.99. Shipping is free.


Product Description from Amazon:10-IN-1 FUNCTIONALITY: Includes 10 versatile",https://slickdeals.net/f/19763937-10-in-1-ninja-prestige-smart-xl-air-fryer-countertop-oven-199-99-free-shipping,2026-07-15T11:24:22Z,"This collaborative space allows users to contribute additional information, tips, and insights to enhance the original deal post. Feel free to share your knowledge and help fellow shoppers make infor… [+26 chars]",air fryer,1
Slickdeals.net,pennysave,$249.99: Ninja Smart XL Double Oven Pro Countertop Oven & Air Fryer | 30.2 Qt 12-in-1 Multi-Function at Amazon (1 replies),Amazon.com has Ninja Double Oven Pro Smart XL Countertop Oven & Air Fryer | 30.2 Qt Capacity |12-in-1 Versatility with Smart Finish & DualZone Tech to Cook 2 Meals at Once | Fit up to 4.5lb Ch,https://slickdeals.net/f/19762530-249-99-ninja-smart-xl-double-oven-pro-countertop-oven-air-fryer-30-2-qt-12-in-1-multi-function-at-amazon,2026-07-15T02:14:18Z,"This collaborative space allows users to contribute additional information, tips, and insights to enhance the original deal post. Feel free to share your knowledge and help fellow shoppers make infor… [+26 chars]",air fryer,1
Slickdeals.net,pennysave,10-Qt Gourmia Dual Basket Digital Air Fryer $80 + Free S&H,"Amazon.com has Gourmia Dual Basket Air Fryer - 10 Qt Large Capacity, FryForce360º, Digital Display with 7 Presets, Roast, Bake, Broil, Dehydrate, Match Cook, Sync Finish, Dishwasher Safe Accessories,...",https://slickdeals.net/f/19750611-10-qt-gourmia-dual-basket-digital-air-fryer-80-free-s-h,2026-07-14T23:20:41Z,"This collaborative space allows users to contribute additional information, tips, and insights to enhance the original deal post. Feel free to share your knowledge and help fellow shoppers make infor… [+26 chars]",air fryer,1
Ozbargain.com.au,trunglocke,DeLonghi Magnifica Evo Coffee Machine ECAM29031SB $496.40 @ eBay Australia,Seems like ATL. This one has manual milk frother which is arguably better than the automatic one.,https://www.ozbargain.com.au/node/967883,2026-07-14T21:44:38Z,"All trademarks are owned by their respective owners.OzBargain is an independent community website which has no association with nor endorsement by the respective trademark owners.
Copyright © 2006-2… [+32 chars]",coffee machine,1
TechRadar,Ruth Hamilton,Which Ninja air fryer should I buy? Here are our personal favorites — plus top tips on how to choose,"From Foodi to Crispi to Double Stack, Ninja is not short of air fryer options — here's how to figure out which model is right for you.",https://www.techradar.com/home/air-fryers/which-ninja-air-fryer-should-i-buy-here-are-our-personal-favorites-plus-top-tips-on-how-to-choose,2026-07-14T14:38:23Z,"Ninja makes some of the best air fryers on the market, but considering how easy these appliances are to use, it sure is difficult to figure out which one to buy. This brand's air fryer range has grow… [+2532 chars]",air fryer,1
Dealnews.com,,Open-Box Dirt Devil Lidar Robot Vacuum for $37 + free shipping,"This open-box Dirt Devil robot vacuum is $36.80 via promo code ""VIPJULYTAKE8"", a $62 low and its best-ever price.  Shipping is free.  A 90-day VIP Outlet warranty applies.  Deal ends August 1st. Buy Now at eBay",https://www.dealnews.com/products/Dirt-Devil/Dirt-Devil-Lidar-Robot-Vacuum/508369.html,2026-07-14T01:08:22Z,"moreAt the Target Outlet on eBay, shoppers can save up to 75% off a range of items, including furniture, clothing, shoes, toys, music, and lots more, from brands big and small. Everything in here is … [+174 chars]",robot vacuum,1
CNET,Max McHone,"This Shark Robot Vacuum Is $380 Off, and Does the Tough Cleaning for You","As real sharks swim, so this robotic one cleans. The Shark AV2501AE robot vac has lidar navigation, a self-emptying base station and more for less than $300.",https://www.cnet.com/deals/shark-av2501ae-robot-vacuum-deal-2026-07-13/,2026-07-13T20:31:00Z,"Save $380: If you're looking to upgrade to a robot vacuum, consider the Shark AV2501AE. This model typically lists for a hefty $650, but right now you can pick it up for $270 at Amazon. Today's limit… [+1026 chars]",robot vacuum,1
BGR,staff@bgr.com (José Adorno),5 Unexpected Features You Might Find On Your Robot Vacuum,"Robot vacuum cleaners have evolved a great deal since their introduction into the market, and here are five surprising things some of them can do.",https://www.bgr.com/2208003/unexpected-features-you-didnt-know-robot-vacuum-can-do/,2026-07-13T18:17:00Z,"It's an AI world after all, and LLM fever is also making its way to robot vacuums. Why do you need to have a conversation with them? It's unclear, but companies like Samsung, Ecovacs, and MOVA have b… [+1109 chars]",robot vacuum,1
The Times of India,Trending Desk,"Meet Wyatt Biggs: 8-year-old Florida boy who turned his robot vacuum obsession into a viral YouTube Brand that earned upto $1,800 in a month","Eight-year-old Wyatt Biggs from Florida developed a passion for robot vacuums at a young age. He now repairs and restores these machines, sharing his work online with millions with his viral brand even earning $1800 in its best month. His YouTube channel show…",https://economictimes.indiatimes.com/news/new-updates/meet-wyatt-biggs-8-year-old-florida-boy-who-turned-his-robot-vacuum-obsession-into-a-viral-youtube-brand-that-earned-upto-1800-in-a-month/articleshow/132373973.cms,2026-07-13T18:08:37Z,"Most children dream of becoming astronauts, athletes, doctors, or pilots. But eight-year-old Wyatt Biggs found his passion in a very different field.What started as an unusual fascination with robot … [+5262 chars]",robot vacuum,1
Slickdeals.net,Immortalsolitude,PuroAir Air Purifier 100i Smart HEPA Air Purifiers $39.99,"PuroAir HVAC via Amazon has PuroAir 100i Smart HEPA Air Purifier for $39.99 when you use promo code *36V2VZMT *at checkout 
 
https://www.amazon.com/dp/B0GDK6T7CR",https://slickdeals.net/f/19756101-puroair-air-purifier-100i-smart-hepa-air-purifiers-39-99,2026-07-13T17:41:21Z,"This collaborative space allows users to contribute additional information, tips, and insights to enhance the original deal post. Feel free to share your knowledge and help fellow shoppers make infor… [+26 chars]",air purifier,1
Slickdeals.net,Dr.W,"FreAire Air Purifiers for Bedroom Up to 1086 FtÂ², HEPA Air Purifier Removes Dust Smoke Pollen Dander Smell $19.99 (0 replies)","eCoupon at checkout: WT6N7VF2Applicable for both colors.

Note: Promo codes are typically for one-time use and don't always apply seamlessly. If you run into this issue, refresh the page, re-ente",https://slickdeals.net/f/19754184-freaire-air-purifiers-for-bedroom-up-to-1086-ft-hepa-air-purifier-removes-dust-smoke-pollen-dander-smell-19-99,2026-07-13T10:52:20Z,"eCoupon at checkout: WT6N7VF2<ul><li>Applicable for both colors.</li></ul>Note:
 Promo codes are typically for one-time use and don't always apply seamlessly. If you run into this issue, refresh the… [+222 chars]",air purifier,1
Geeksaresexy.net,Geeks are Sexy,"Daily Deals Drop: Roborock Qrevo Robot Vacuum, D&D Art & Arcana, How to Tell If Your Cat Is Plotting to Kill You, and MORE!","For today’s daily deals drop (July 13, 2026) here are some of the best deals we stumbled on while browsing the web this morning! Please note that Geeks are Sexy might get a small commission from qualifying purchases done through our posts. As an Amazon Associ…",https://www.geeksaresexy.net/2026/07/13/daily-deals-drop-roborock-qrevo-robot-vacuum-dd-art-arcana-how-to-tell-if-your-cat-is-plotting-to-kill-you-and-more/,2026-07-13T09:30:50Z,"For todays daily deals drop (July 13, 2026) here are some of the best deals we stumbled on while browsing the web this morning! Please note that Geeks are Sexy might get a small commission from quali… [+3703 chars]",robot vacuum,1
Slickdeals.net,phoinix,$139.99* | roborock Q7 L5 Robot Vacuum and Mop Combo at Amazon,"Roborock Technology Co. Ltd via Amazon [amazon.com] has roborock Q7 L5 Robot Vacuum and Mop Combo for $139.99.
Shipping is free.

*Deal history:Popular Deal at $140 with 17 Deal Score and 5 comments
F",https://slickdeals.net/f/19753809-139-99-roborock-q7-l5-robot-vacuum-and-mop-combo-at-amazon,2026-07-13T07:45:03Z,"This collaborative space allows users to contribute additional information, tips, and insights to enhance the original deal post. Feel free to share your knowledge and help fellow shoppers make infor… [+26 chars]",robot vacuum,1
Ozbargain.com.au,Sleepyrip,"[Prime] Shark NeverChange Air Purifier Compact Pro, Filter Lasts 5 Years $169.15 (RRP $349.99) Delivered @ Amazon AU","Features: FILTER REPLACEMENT SAVINGS: With NeverChange5 filtration, you won’t need replacement filters for up to 5 years. *Tested to GB/T18801-2015 P.CCM, based on 50% CADR declined, 300 …",https://www.ozbargain.com.au/node/967706,2026-07-13T07:03:46Z,"All trademarks are owned by their respective owners.OzBargain is an independent community website which has no association with nor endorsement by the respective trademark owners.
Copyright © 2006-2… [+32 chars]",air purifier,1
Slickdeals.net,idk_then,PowerXL Vortex Pro 8.4-Quart 1700W Air Fryer (Black) $49.99 or Less + Free Store Pickup at Target or Free Shipping on $35+,"Target [target.com] has *PowerXL Vortex Pro 8.4-Quart 1700W Air Fryer (Black)* on sale for *$49.99*. Select *free store pickup* where available. Otherwise, shipping is free on orders $35+. (RedCard...",https://slickdeals.net/f/19752963-powerxl-vortex-pro-8-4-quart-1700w-air-fryer-black-49-99-or-less-free-store-pickup-at-target-or-free-shipping-on-35,2026-07-13T04:13:12Z,"This collaborative space allows users to contribute additional information, tips, and insights to enhance the original deal post. Feel free to share your knowledge and help fellow shoppers make infor… [+26 chars]",air fryer,1
Slickdeals.net,R.Williams,"Cosori 9-in-1 TurboBlaze Air Fryer 6 Qt, PFAS-Free Ceramic Coating, 90Â°â450Â°F, 120V, Dark Gray $89.99 (2 replies)","Special Feature: Temperature Control, Automatic Shut-Off, PFAS-Free Ceramic Coating,  Functions & - Fan Speed &  Turbo Modes & + In-App Recipes",https://slickdeals.net/f/19752528-cosori-9-in-1-turboblaze-air-fryer-6-qt-pfas-free-ceramic-coating-90-450-f-120v-dark-gray-89-99,2026-07-13T00:29:28Z,"This collaborative space allows users to contribute additional information, tips, and insights to enhance the original deal post. Feel free to share your knowledge and help fellow shoppers make infor… [+26 chars]",air fryer,1
Slickdeals.net,phoinix,$69.99* | 4-Qt Instant Pot VORTEX 6-in-1 Mini Air Fryer at Amazon,"Amazon [amazon.com] has 4-Qt Instant Pot VORTEX 6-in-1 Mini Air Fryer for $69.99.
Shipping is free.4 qtBlack [amazon.com]
Rosewater [amazon.com]
Sea Salt [amazon.com]
Stainless Steel [amazon.com]


*P",https://slickdeals.net/f/19752012-69-99-4-qt-instant-pot-vortex-6-in-1-mini-air-fryer-at-amazon,2026-07-12T20:43:14Z,"This collaborative space allows users to contribute additional information, tips, and insights to enhance the original deal post. Feel free to share your knowledge and help fellow shoppers make infor… [+26 chars]",air fryer,1
Slickdeals.net,Dmytro_B,"Shark Robot Vacuum & Mop Combo, Black, AV2810ZEBK $679.99","Shark Robot Vacuum & Mop Combo [amazon.com], PowerDetect NeverTouch Pro, Self-Emptying, Self-Refill with Self-Clean Pad Wash & Dry, 60-Day Debris Capacity, 30-Day Refill Tank, 5 Technologies, Black,...",https://slickdeals.net/f/19751961-shark-robot-vacuum-mop-combo-black-av2810zebk-679-99,2026-07-12T20:30:17Z,"This collaborative space allows users to contribute additional information, tips, and insights to enhance the original deal post. Feel free to share your knowledge and help fellow shoppers make infor… [+26 chars]",robot vacuum,1
Dealnews.com,,Chefman TurboFry 6-Quart Digital Air Fryer for $24 + free shipping,"We've pictured the Chefman TurboFry 6-Quart Digital Air Fryer, which is open box and priced at $23.92 with promo code ""VIPJULYTAKE8"", down from its $49.98 list price. That's the lowest price we've ever seen on this one. Coupon ends July 31.  Buy Now at eBay
…",https://www.dealnews.com/Chefman-Turbo-Fry-6-Quart-Digital-Air-Fryer-for-24-free-shipping/21897124.html,2026-07-12T11:33:05Z,"moreAt the Target Outlet on eBay, shoppers can save up to 75% off a range of items, including furniture, clothing, shoes, toys, music, and lots more, from brands big and small. Everything in here is … [+174 chars]",air fryer,1
Ozbargain.com.au,ricky spanish,"[Prime] Ninja XXXL FlexDrawer Air Fryer, 10.4L Extra Large Drawer $230.85 (RRP $449.99) Delivered @ Amazon AU","Features: FAMILY-SIZED CAPACITY: Meet the Ninja XXXL FlexDrawer Air Fryer with an extra large 10.4 litre MegaZone drawer. With the Mega Zone, you can now cook larger proteins or entire …",https://www.ozbargain.com.au/node/967590,2026-07-12T09:22:51Z,"All trademarks are owned by their respective owners.OzBargain is an independent community website which has no association with nor endorsement by the respective trademark owners.
Copyright © 2006-2… [+32 chars]",air fryer,1
Slickdeals.net,pennysave,Gourmia Dual Basket Air Fryer 10 Qt with 7 Presets $79.99 + Free S&H at Amazon,"Amazon.com has Gourmia Dual Basket Air Fryer - 10 Qt Large Capacity, FryForce360º, Digital Display with 7 Presets, Roast, Bake, Broil, Dehydrate, Match Cook, Sync Finish, Dishwasher Safe Accessories,...",https://slickdeals.net/f/19750611-gourmia-dual-basket-air-fryer-10-qt-with-7-presets-79-99-free-s-h-at-amazon,2026-07-12T09:18:39Z,"This collaborative space allows users to contribute additional information, tips, and insights to enhance the original deal post. Feel free to share your knowledge and help fellow shoppers make infor… [+26 chars]",air fryer,1
Slickdeals.net,pennysave,Ninja® Foodi™ Smart 5-in-1 Indoor Grill With 4-Quart Air Fryer $179.99 + Free S&H at Amazon,"Amazon.com has Ninja® Foodi™ Smart 5-in-1 Indoor Grill | With 4-Quart Air Fryer, Roast, Bake, Dehydrate, and Smart Cook System | Black | LG451BK for $179.99. Shipping is free.


About:Smart Cooking",https://slickdeals.net/f/19750494-ninja-foodi-smart-5-in-1-indoor-grill-with-4-quart-air-fryer-179-99-free-s-h-at-amazon,2026-07-12T08:04:05Z,"This collaborative space allows users to contribute additional information, tips, and insights to enhance the original deal post. Feel free to share your knowledge and help fellow shoppers make infor… [+26 chars]",air fryer,1
Slickdeals.net,gabe23111,6-Qt Gourmia Digital Window Air Fryer w/ 12 Presets (Black/Stainless Steel) $40 + Free S&H,"Free shipping for Circle Club Members or choose store pickup where available. 
 
Circle is free to join [target.com] 
* Product Link [target.com] 
 
[LIST][*]6-QT capacity can cook family staples and...",https://slickdeals.net/f/19723554-6-quart-gourmia-digital-window-air-fryer-w-12-presets-40-target-free-s-h-circle-members,2026-07-12T02:52:25Z,"This collaborative space allows users to contribute additional information, tips, and insights to enhance the original deal post. Feel free to share your knowledge and help fellow shoppers make infor… [+26 chars]",air fryer,1
Slickdeals.net,SickerDealer,Shark Matrix Plus 2-in-1 Robot Vacuum & Mop w/ Self-Empty Base $249.99 (3 replies),"Shark Matrix Plus 2-in-1 Robot Vacuum & Mop w/ Self-Empty Base $249.99

Free shipping.

About this itemHIGH POWER SUCTION & SONIC MOPPING: First, it's an ultra-powerful whole-home vacuum",https://slickdeals.net/f/19748544-shark-matrix-plus-2-in-1-robot-vacuum-mop-w-self-empty-base-249-99,2026-07-11T15:23:08Z,"This collaborative space allows users to contribute additional information, tips, and insights to enhance the original deal post. Feel free to share your knowledge and help fellow shoppers make infor… [+26 chars]",robot vacuum,1
Slickdeals.net,SickerDealer,Shark Matrix Plus 2-in-1 Robot Vacuum & Mop w/ Self-Empty Base $249.99 @Amazon,"Shark Matrix Plus 2-in-1 Robot Vacuum & Mop w/ Self-Empty Base *$249.99* 
 
Free shipping. 
 
_About this item_[list][*]HIGH POWER SUCTION & SONIC MOPPING: First, it’s an ultra-powerful whole-home...",https://slickdeals.net/f/19748544-shark-matrix-plus-2-in-1-robot-vacuum-mop-w-self-empty-base-249-99-amazon,2026-07-11T15:23:08Z,"This collaborative space allows users to contribute additional information, tips, and insights to enhance the original deal post. Feel free to share your knowledge and help fellow shoppers make infor… [+26 chars]",robot vacuum,1
Slickdeals.net,pennysave,GermGuardian 22'' HEPA Large Room Air Purifier (Black) $66.99 + Free S&H at Amazon (3 replies),"Amazon.com has GermGuardian HEPA Large Room Air Purifier for Bedroom, Office, Dorm, and Home - Filters Pet Dander, Dust, Pollen, Smoke, Scents - Air Quality Monitor - AC4880B - 22"" Tower - Black",https://slickdeals.net/f/19748481-germguardian-22-hepa-large-room-air-purifier-black-66-99-free-s-h-at-amazon,2026-07-11T14:56:46Z,"This collaborative space allows users to contribute additional information, tips, and insights to enhance the original deal post. Feel free to share your knowledge and help fellow shoppers make infor… [+26 chars]",air purifier,1
Geeksaresexy.net,Geeks are Sexy,"Daily Deals Drop: Anker’s Awesome SOLIX Power Stations, DREAME Robot Vacuum and Mop, The Silmarillion (Illustrated), and MORE!","For today’s daily deals drop (July 11, 2026) here are some of the best deals we stumbled on while browsing the web this morning! Note the picture that’s totally different from what I usually post. I’m currently camping with the kids and this is my setup, feat…",https://www.geeksaresexy.net/2026/07/11/daily-deals-drop-ankers-massive-solix-power-stations-dreame-robot-vacuum-and-mop-the-silmarillion-illustrated-and-more/,2026-07-11T12:37:41Z,"For today’s daily deals drop (July 11, 2026) here are some of the best deals we stumbled on while browsing the web this morning! Note the picture that’s totally different from what I usually post. I’… [+3180 chars]",robot vacuum,1
Dealnews.com,,Shark Matrix Plus 2-in-1 Robot Vacuum & Mop w/ Self-Empty Base for $250 + free shipping,"This Shark Matrix Plus robot vacuum and mop is $249.99, down from $749.99, and matches its all-time low price on Amazon. It empties itself for up to 45 days, uses LiDAR navigation to map a home, and combines suction with sonic mopping for hard floors in a sin…",https://www.dealnews.com/products/Shark/Shark-Matrix-Plus-2-in-1-Robot-Vacuum-Mop-w-Self-Empty-Base/507674.html,2026-07-11T11:14:38Z,"moreThe 3-in-1 Shark ChillPill is $20 off its regular price at Amazon, the first discount we've seen. It's price matched at most other sellers, so you may be able to get deeper discounts with rewards… [+581 chars]",robot vacuum,1
Ozbargain.com.au,viksa,[Prime] Coway Airmega Mighty (White) Air Purifier AP-1512hh - $249 Delivered @ Coway Australia via Amazon AU,Lowest price I've ever seen it! Available in black & white. Apparently one of the best ones out there in this price range.,https://www.ozbargain.com.au/node/967497,2026-07-11T10:09:57Z,"This post contains affiliate links. OzBargain might earn commissions when you click through and make purchases. Please see this page for more information.
Lowest price I've ever seen it!
Available … [+84 chars]",air purifier,1
Slickdeals.net,phoinix | Staff,"$60.99* | 10-Quart Chefman 17-Presets Multifunctional Digital Air Fryer (Rotisserie, Dehydrator, Convection Oven) at Amazon (1 replies)","Amazon [amazon.com] has 10-Quart Chefman 17-Presets Multifunctional Digital Air Fryer (Rotisserie, Dehydrator, Convection Oven) for $60.99.
Shipping is free.

*Previous Popular Deal at $80 with 11 Dea",https://slickdeals.net/f/19747824-60-99-10-quart-chefman-17-presets-multifunctional-digital-air-fryer-rotisserie-dehydrator-convection-oven-at-amazon,2026-07-11T09:34:12Z,"This collaborative space allows users to contribute additional information, tips, and insights to enhance the original deal post. Feel free to share your knowledge and help fellow shoppers make infor… [+26 chars]",air fryer,1
Ozbargain.com.au,rustledjimmies,"[Prime] Ninja Crispi 4-in-1 Portable Glass Air Fryer, 4-Quart Capacity $178.60 (RRP $299.99) Delivered @ Amazon AU",Seems like an ATL from camels Other colours available but a tad more expensive @ $188 Cyberspace Stone Pink Features: CRISPI POWERPOD : The power of a full-sized air fryer now in the …,https://www.ozbargain.com.au/node/967481,2026-07-11T07:01:54Z,"All trademarks are owned by their respective owners.OzBargain is an independent community website which has no association with nor endorsement by the respective trademark owners.
Copyright © 2006-2… [+32 chars]",air fryer,1
Ozbargain.com.au,jay510,"[Prime] Ecovacs Deebot T50 PRO Omni Robot Vacuum and Mop - $709.65 (RRP $1,499) Delivered @ Amazon AU",Did a bit of research before pulling the trigger on the Eufy C28 Deal - this has a similar price but has the AI camera detection and front Lidar so should be better at avoiding stuff on the floor. …,https://www.ozbargain.com.au/node/967466,2026-07-11T03:54:06Z,Did a bit of research before pulling the trigger on the Eufy C28 Deal - this has a similar price but has the AI camera detection and front Lidar so should be better at avoiding stuff on the floor. Al… [+3122 chars],robot vacuum,1
Ozbargain.com.au,zachhambo,[Prime] Eufy C28 Robot Vacuum $749.50 Delivered @ Amazon AU,"12th on Vacuum wars list, budget version of E25 but just as good.",https://www.ozbargain.com.au/node/967451,2026-07-11T01:57:46Z,"All trademarks are owned by their respective owners.OzBargain is an independent community website which has no association with nor endorsement by the respective trademark owners.
Copyright © 2006-2… [+32 chars]",robot vacuum,1
TechRadar,"lindsay.handmer@futurenet.com (Lindsay Handmer) , Lindsay Handmer","This Dreame X50 Ultra Prime Day deal drops a powerful premium robot vacuum to its lowest price yet, making it a compelling autonomous floor cleaner","The Dreame X50 Ultra robot vacuum and mop is down to AU$1,479 for Prime Day, making this premium self-cleaning robovac much easier to recommend.",https://www.techradar.com/home/robot-vacuums/dreame-x50-ultra-prime-day-australia-2026-deal,2026-07-11T00:56:31Z,"Amazon's Prime Day sale has delivered another very tempting robot vacuum deal, with the Dreame X50 Ultra dropping to just AU$1,479. That's a huge discount from its AU$2,999 launch price last year, an… [+1892 chars]",robot vacuum,1
Gadget Flow,Lauren Wadowsky,Roomba Electro Plus vs Dyson WashG1: Sometimes you don’t want a robot vacuum,"I love my robot vacuum. It runs while I’m at work, it empties itself, and I usually never think about it. But robots are bad at one specific job: the moment right after your kid drops a bowl of cereal..
The post Roomba Electro Plus vs Dyson WashG1: Sometimes …",https://thegadgetflow.com/blog/roomba-electro-plus-vs-dyson-washg1/,2026-07-10T21:18:24Z,"I love my robot vacuum. It runs while I’m at work, it empties itself, and I usually never think about it. But robots are bad at one specific job: the moment right after your kid drops a bowl of cerea… [+8735 chars]",robot vacuum,1
Dealnews.com,,Certified Refurb Roborock Qrevo Pro 7000pa Robot Vacuum & Mop for $430 + free shipping,"At eBay, get the refurb Roborock Qrevo Pro 7000pa Robot Vacuum & Mop for $430. It's the best deal we've seen for this model in any condition. A 2-year Allstate warranty is included. Buy Now at eBay
 Features
 <ul> <li>7000Pa suction power</li> <li>Self-empt…",https://www.dealnews.com/Certified-Refurb-Roborock-Qrevo-Pro-7000-pa-Robot-Vacuum-Mop-for-430-free-shipping/21891822.html,2026-07-10T15:26:47Z,"moreAt the Target Outlet on eBay, shoppers can save up to 75% off a range of items, including furniture, clothing, shoes, toys, music, and lots more, from brands big and small. Everything in here is … [+174 chars]",robot vacuum,1
Dealnews.com,,Certified Refurb iRobot Roomba j7+ Self-Emptying Robot Vacuum for $150 + free shipping,"At eBay, get the refurb iRobot Roomba j7+ Self-Emptying Robot Vacuum for $149.99. It's the best deal we've seen for this model in any condition. Shipping is free. Buy Now at eBay",https://www.dealnews.com/Certified-Refurb-iRobot-Roomba-j7-Self-Emptying-Robot-Vacuum-for-150-free-shipping/21891809.html,2026-07-10T15:06:07Z,"moreAt the Target Outlet on eBay, shoppers can save up to 75% off a range of items, including furniture, clothing, shoes, toys, music, and lots more, from brands big and small. Everything in here is … [+174 chars]",robot vacuum,1
Dealnews.com,,Certified Refurb iRobot Roomba j7+ Self-Emptying Robot Vacuum for $150 + free shipping,"At eBay, get the refurb iRobot Roomba j7+ Self-Emptying Robot Vacuum for $149.99. It's the best deal we've seen for this model in any condition. Shipping is free. Buy Now at eBay",https://www.dealnews.com/Certified-Refurb-iRobot-Roomba-j7-Self-Emptying-Robot-Vacuum-for-150-free-shipping/21891809.html,2026-07-10T15:06:07Z,"moreAt the Target Outlet on eBay, shoppers can save up to 75% off a range of items, including furniture, clothing, shoes, toys, music, and lots more, from brands big and small. Everything in here is … [+174 chars]",robot vacuum,1
Dealnews.com,,Certified Refurb iRobot Roomba Combo j5+ Self-Emptying Robot Vacuum & Mop for $150 + free shipping,"At eBay, get the refurb iRobot Roomba Combo j5+ Self-Emptying Robot Vacuum & Mop for $150. It's the best deal we've seen for this model in any condition. Shipping is free. A 2-year Allstate warranty is included. Buy Now at eBay
 Features
 <ul> <li>Certified…",https://www.dealnews.com/Certified-Refurb-iRobot-Roomba-Combo-j5-Self-Emptying-Robot-Vacuum-Mop-for-150-free-shipping/21891802.html,2026-07-10T14:57:26Z,"moreAt the Target Outlet on eBay, shoppers can save up to 75% off a range of items, including furniture, clothing, shoes, toys, music, and lots more, from brands big and small. Everything in here is … [+174 chars]",robot vacuum,1
CNET,David Watsky,I Cook in My Air Fryer Every Day. Here Are the 10 Times It Let Me Down,"After hundreds of air fryer meals, these are the 10 that taught me where the appliance's real limits are.",https://www.cnet.com/home/kitchen-and-household/ive-made-hundreds-of-air-fryer-meals-these-10-were-disasters/,2026-07-10T14:00:41Z,"Ask me about the air fryer, and I'll talk your ear off. I use mine almost every day, and it has turned out meals I'm genuinely proud of: crispy thighs, perfect fries, roasted vegetables that convert … [+5918 chars]",air fryer,1
Dealnews.com,,Brondell Aurabeat White HEPA Air Purifier for $120 + free shipping,"As one of its daily deals, Lowe's offers the Brondell Aurabeat White HEPA Air Purifier for $120. That's a savings of $580 and $20 less than what you'd pay elsewhere. Shipping is free. Buy Now at Lowe's
 Features
 <ul> <li>Covers rooms up to 1655 sq. ft.</li…",https://www.dealnews.com/Brondell-Aurabeat-White-HEPA-Air-Purifier-for-120-free-shipping/21891645.html,2026-07-10T08:40:11Z,"moreLowe's is discounting a range of Klein Tools across hand tools, storage, and test equipment. Savings include the MODbox Blackout 3-Piece Set at $380, down from $480, the Non-Contact Voltage Teste… [+130 chars]",air purifier,1
Ozbargain.com.au,ZeroSix,[Prime] Dreame L10s Ultra Gen2 Robot Vacuum & Mop $389.49 Delivered @ Dreame Amazon AU,A further $20.50 price drop from the original ATL $409 deal with the coupon code. The additional 1L cleaning solution no longer seems to be able to be added for free.,https://www.ozbargain.com.au/node/967298,2026-07-10T00:28:06Z,"All trademarks are owned by their respective owners.OzBargain is an independent community website which has no association with nor endorsement by the respective trademark owners.
Copyright © 2006-2… [+32 chars]",robot vacuum,1
Ozbargain.com.au,dragong87,Breville Bambino Plus Coffee Machine Brushed Stainless Steel $419 via Price Check Button + Delivery ($0 C&C) @ The Good Guys,The lowest I've seen this for a while and in Brushed Stainless Steel. Price Beat brings it down to $479 and coupon to $419. There's not much stock around but delivery is available. The …,https://www.ozbargain.com.au/node/967293,2026-07-10T00:12:03Z,"The lowest I've seen this for a while and in Brushed Stainless Steel. Price Beat brings it down to $479 and coupon to $419. There's not much stock around but delivery is available.
The Smaller Bambi… [+232 chars]",coffee machine,1
Ozbargain.com.au,changot,"[Prime] Breville, the Bambino Plus Coffee Machine $438.99 (RRP $729) Delivered @ Amazon AU","Hi all, first time poster and long time lurker, so please be gentle with me  Amazon AU currently has the Breville Bambino Plus in Pomodoro Rosso for $438 as a Prime deal, and it also includes a …",https://www.ozbargain.com.au/node/967280,2026-07-09T22:05:57Z,"This post contains affiliate links. OzBargain might earn commissions when you click through and make purchases. Please see this page for more information.
Hi all, first time poster and long time lur… [+1721 chars]",coffee machine,1
PRNewswire,,Survey: 72% of Americans Don't Know They Can Buy an Air Purifier With Pre-Tax HSA/FSA Dollars,"New TrustedAir research finds the gap holds even among account holders and that 75% would be more likely to buy if they knew it qualified. SARASOTA, Fla., July 9, 2026 /PRNewswire/ -- Amid rising summer air-quality concerns, a new survey from TrustedAir, make…",https://www.prnewswire.com/news-releases/survey-72-of-americans-dont-know-they-can-buy-an-air-purifier-with-pre-tax-hsafsa-dollars-302821045.html,2026-07-09T12:33:00Z,"New TrustedAir research finds the gap holds even among account holders and that 75% would be more likely to buy if they knew it qualified.
SARASOTA, Fla., July 9, 2026 /PRNewswire/ -- Amid rising su… [+2190 chars]",air purifier,1
Meh.com,,2-Pack: Levoit Desktop Air Purifier 2 for $49,"<ul>
<li>Quit breathing nasty air</li>
<li>Compact and simple</li>
<li>This way to the IRK</li>
</ul>Time. To. PARTY!In terms of the party potluck: please be conscious of your coworkers’ dietary restrictions in preference in terms of both taste AND smell. Jus…",https://meh.com/deals/2-pack-levoit-desktop-air-purifier-23-meh-jul-9-s13,2026-07-09T04:00:00Z,In terms of the party potluck: please be conscious of your coworkers dietary restrictions in preference in terms of both taste AND smell. Just because some of us have desktop air purifiers doesnt mea… [+356 chars],air purifier,1
AndroidGuys,Scott Webster,Tapo RV50 Pro Omni Offers High-end Robot Vacuum Features at $600 Price Point,"TP-Link Systems Inc. has announced the Tapo RV50 Pro Omni, a new all-in-one robot vacuum and mop designed to bring more automated cleaning features into a more accessible price range. The latest addition to the Tapo smart home lineup combines vacuuming, moppi…",https://androidguys.com/news/tapo-rv50-pro-omni-offers-high-end-robot-vacuum-features-at-600-price-point/,2026-07-08T23:00:00Z,"TP-Link Systems Inc. has announced the Tapo RV50 Pro Omni, a new all-in-one robot vacuum and mop designed to bring more automated cleaning features into a more accessible price range.
The latest add… [+2922 chars]",robot vacuum,1
Slickdeals.net,Dmytro_B,"ECOVACS DEEBOT T30S Combo Robot Vacuum and Mop, All-in-One Cleaning Hub, 11000Pa $449 (1 replies)","ECOVACS DEEBOT T30S Combo Robot Vacuum and Mop [amazon.com], All-in-One Cleaning Hub, 11000Pa, ZeroTangle Technology, TruEdge Adaptive Edge Mopping, Dual Self-Emptying, Hot Water Mop Washing, Auto-Mop",https://slickdeals.net/f/19738473-ecovacs-deebot-t30s-combo-robot-vacuum-and-mop-all-in-one-cleaning-hub-11000pa-449,2026-07-08T22:06:15Z,"This collaborative space allows users to contribute additional information, tips, and insights to enhance the original deal post. Feel free to share your knowledge and help fellow shoppers make infor… [+26 chars]",robot vacuum,1
Dealnews.com,,Shark Matrix Plus 2-in-1 Robot Vacuum & Mop w/ Self-Empty Base for $300 + free shipping,"This Shark Matrix Plus 2-in-1 robot vacuum and mop is $299.98, down from $699.99 and the best price we could find by $100. It combines vacuuming and sonic mopping in one pass, empties itself into a bagless base that can hold up to 60 days of debris, and uses …",https://www.dealnews.com/products/Shark/Shark-Matrix-Plus-2-in-1-Robot-Vacuum-Mop-w-Self-Empty-Base/506952.html,2026-07-08T19:53:44Z,"moreThe 3-in-1 Shark ChillPill is $20 off its regular price at Amazon, the first discount we've seen. It's price matched at most other sellers, so you may be able to get deeper discounts with rewards… [+581 chars]",robot vacuum,1
Ozbargain.com.au,Kazusa,"[Prime] Dreame L40 Ultra VE Robot Vacuum and Mop, 25000Pa Suction $748.60 (RRP $1,799) Delivered @ Amazon AU","Features: Intense Suction Power: 25,000Pa intense suction power effectively removes everyday dust, debris and stubborn dirt across multiple floor types Reaches Where Dirt Hides: 4cm mop …",https://www.ozbargain.com.au/node/967119,2026-07-08T15:21:50Z,"All trademarks are owned by their respective owners.OzBargain is an independent community website which has no association with nor endorsement by the respective trademark owners.
Copyright © 2006-2… [+32 chars]",robot vacuum,1
Plos.org,"Zeynep Begüm Kalyoncu Atasoy, Eylem Coşkun, Sinem Çekirdekoğlu, Saimenur Durmaz, Halit Tanju Besler","Air fryer ownership, household food-related task sharing, cooking skills, and mediterranean diet adherence among cohabiting adults in Türkiye: A cross-sectional study","Air fryers are increasingly used in home kitchens, yet their relationships with domestic culinary labour and diet quality remain unclear. This cross-sectional study included cohabiting adults in Istanbul, Türkiye, with one respondent recruited per household (…",https://journals.plos.org/plosone/article?id=10.1371/journal.pone.0352090,2026-07-08T14:00:00Z,"Abstract
Air fryers are increasingly used in home kitchens, yet their relationships with domestic culinary labour and diet quality remain unclear. This cross-sectional study included cohabiting adul… [+43797 chars]",air fryer,1
Dealnews.com,,Open-Box Onson BR151 Robot Vacuum Cleaner w/ Mop Combo for $40 + free shipping,"This Onson BR151 Robot Vacuum Cleaner drops to $40.20 with promo code ""VIPJULYTAKE8"". It's the best deal we could find by $53. It combines vacuuming and mopping in one pass using a 230ml water tank, and connects to WiFi and Alexa for app or voice control. Cou…",https://www.dealnews.com/Open-Box-Onson-BR151-Robot-Vacuum-Cleaner-w-Mop-Combo-for-40-free-shipping/21888099.html,2026-07-08T13:19:40Z,"moreAt the Target Outlet on eBay, shoppers can save up to 75% off a range of items, including furniture, clothing, shoes, toys, music, and lots more, from brands big and small. Everything in here is … [+174 chars]",robot vacuum,1
Ozbargain.com.au,ricky spanish,[Prime] Philips Air Purifier Smart 1000i Series - Purifies rooms up to 7… $149 (RRP $349) Delivered @ Amazon AU,Removes 99.9% of airborne pollutants in your home Purifies rooms up to 78 ㎡ 300 m³/h Clean Air Delivery Rate HEPA & Active carbon filter Smart control with Air+ app Quiet sleep mode with …,https://www.ozbargain.com.au/node/967063,2026-07-08T09:00:09Z,"All trademarks are owned by their respective owners.OzBargain is an independent community website which has no association with nor endorsement by the respective trademark owners.
Copyright © 2006-2… [+32 chars]",air purifier,1
Dealnews.com,,Chefman Crispinator 8-Qt. 6-in-1 Air Fryer for $85 + free shipping,"At Amazon, get the Chefman Crispinator 8-Qt. 6-in-1 Air Fryer for $85. It's the best deal we've seen for this model. Its 8-quart capacity and 450°F max temperature sit alongside extra functions like dehydrating, broiling, and baking, plus a viewing window to …",https://www.dealnews.com/Chefman-Crispinator-8-Qt-6-in-1-Air-Fryer-for-85-free-shipping/21887987.html,2026-07-08T08:17:51Z,"moreAmazon's Lightning Deals collection includes markdowns of 50% or more across categories like electronics, home goods, and apparel, with free shipping included for Prime members. Deals include ite… [+236 chars]",air fryer,1
Dealnews.com,,Chefman Crispinator 8-Qt. 6-in-1 Air Fryer for $85 + free shipping,"At Amazon, get the Chefman Crispinator 8-Qt. 6-in-1 Air Fryer for $85. It's the best deal we've seen for this model. Its 8-quart capacity and 450°F max temperature sit alongside extra functions like dehydrating, broiling, and baking, plus a viewing window to …",https://www.dealnews.com/Chefman-Crispinator-8-Qt-6-in-1-Air-Fryer-for-85-free-shipping/21887987.html,2026-07-08T08:17:51Z,"moreAmazon's Lightning Deals collection includes markdowns of 50% or more across categories like electronics, home goods, and apparel, with free shipping included for Prime members. Deals include ite… [+236 chars]",air fryer,1
Slickdeals.net,Rokket,Cuisinart 15-in-1 Extra-Large Digital Air Fryer Oven w/ Stainless Steel Interior $149.95 + Free Shipping,"Walmart [walmart.com] has *Cuisinart 15-in-1 Extra-Large Digital Air Fryer Oven w/ Stainless Steel Interior* (*TOA-112) *on sale for *$149.95*. *Shipping is free*. 
 
*Save 50%. *Overall rating *4.7...",https://slickdeals.net/f/19735272-cuisinart-15-in-1-extra-large-digital-air-fryer-oven-w-stainless-steel-interior-149-95-free-shipping,2026-07-08T07:33:12Z,"This collaborative space allows users to contribute additional information, tips, and insights to enhance the original deal post. Feel free to share your knowledge and help fellow shoppers make infor… [+26 chars]",air fryer,1
Slickdeals.net,phoinix,$168.99 | Coway AP-1512HH Mighty Air Purifier w/ True HEPA & Eco Mode at Amazon,"Amazon [amazon.com] has *Coway AP-1512HH Mighty Air Purifier w/ True HEPA & Eco Mode* for *$168.99*. 
*Shipping is free*. 
* Mighty Black [amazon.com] 
* Mighty White [amazon.com] 
 
 
Please report...",https://slickdeals.net/f/19735224-168-99-coway-ap-1512hh-mighty-air-purifier-w-true-hepa-eco-mode-at-amazon,2026-07-08T07:06:45Z,"This collaborative space allows users to contribute additional information, tips, and insights to enhance the original deal post. Feel free to share your knowledge and help fellow shoppers make infor… [+26 chars]",air purifier,1
Ozbargain.com.au,ricky93,Ninja Crispi Pro XL 6-in-1 Countertop Glass Air Fryer (Bone) $289 + Delivery ($0 C&C) @ Harvey Norman,"Key Features XL cooking capacity supports meal preparation for up to 10 people Flexible modular base adapts to 2.3L, 3.8L, and 5.7L CleanCrisp glassware for varied portions 6-in-1 functionality …",https://www.ozbargain.com.au/node/966989,2026-07-08T02:56:42Z,"Key Features
XL cooking capacity supports meal preparation for up to 10 peopleFlexible modular base adapts to 2.3L, 3.8L, and 5.7L CleanCrisp glassware for varied portions6-in-1 functionality includ… [+637 chars]",air fryer,1
New York Post,Adam Schubak,iGarden’s new M1-AI robot vacuum is here to save your summer,"Less cleaning, more swimming",https://nypost.com/shopping/igarden-robotic-pool-cleaner-review/,2026-07-07T15:39:53Z,"New York Post may be compensated and/or receive an affiliate commission if you click or buy through our links. Featured pricing is subject to change.
I recently stayed at an Airbnb with a pool and e… [+4640 chars]",robot vacuum,1
NBC News,Cory Fernandez,Get this space-saving Ninja air fryer for $100 off before the next heatwave,"The Ninja Flip air fryer is 40% off and under $150. Plus, it’s great for small homes and kitchens because of this one amazing feature.",https://www.nbcnews.com/select/shopping/ninja-air-fryer-toaster-combo-deal-of-the-day-rcna353320,2026-07-07T15:14:18Z,"The last thing anyone wants to do right now is turn on their oven to cook dinner. Thats part of what makes an air fryer so great. In particular, the Ninja Flip Air Fryer Toaster Oven Combo is a great… [+2643 chars]",air fryer,1
CNET,Aashna Gheewalla,Amazon Deals of the Day: Sweep Up a 50% Discount on the iRobot Roomba 505X Robot Vacuum,"Plus, Prime members can get almost 40% off the Anker Prime docking station and 20% off the Levoit mini air purifier.",https://www.cnet.com/deals/amazon-deals-of-the-day-july-7/,2026-07-07T15:00:41Z,"Right now at Amazon, you can take a huge $500 off the iRobot Roomba 505X robot vacuum. Prime members can also score the Anker Prime docking station for $100 off. Finally, take 20% off the Levoit mini… [+2682 chars]","air purifier, robot vacuum",2
Ozbargain.com.au,stirfry,"[Prime] LEVOIT Smart HEPA Air Purifier for Bedroom Home 104m², Washable … $169 (RRP $259) Delivered @ Amazon AU","Seems to be similar to the Coway Airmega 150, but has an app to control it and provide a number for the air quality. https://levoit.au/products/levoit-vital-100s-200s-smart-true… website has it …",https://www.ozbargain.com.au/node/966881,2026-07-07T12:34:20Z,"This post contains affiliate links. OzBargain might earn commissions when you click through and make purchases. Please see this page for more information.
Seems to be similar to the Coway Airmega 15… [+2167 chars]",air purifier,1
Android Authority,Jonathan Feist,The Roborock Saros 20 is the best robot vacuum for edge cleaning I’ve ever tested,"The Roborock Saros 20 offers top-tier cleaning, expert navigation, and lengthy maintenance-free operation.",https://www.androidauthority.com/roborock-saros-20-review-3656355/,2026-07-07T09:15:42Z,"The Roborock Saros 20 ($1599.99 at Amazon) is serious about edge-to-edge cleaning, almost aggressively so, making it one of the most comprehensive robot vacuums Ive ever tested. It mops, it vacuums, … [+6236 chars]",robot vacuum,1
Ahouseinthehills.com,Chloe Bennett,Where to Place the Best Self-Emptying Robot Vacuum Base for Reliable Docking,"Many homes buy the best self-emptying robot vacuum after comparing specs, then still watch it tap the station, back out, and die in the hall. The problem is often where the base sits, not the robot itself. Clearance, flooring, glare, or a cramped approach can…",https://ahouseinthehills.com/where-to-place-best-self-emptying-robot-vacuum-base-reliable-docking/,2026-07-07T08:25:32Z,"Many homes buy the best self-emptying robot vacuum after comparing specs, then still watch it tap the station, back out, and die in the hall. The problem is often where the base sits, not the robot i… [+8227 chars]",robot vacuum,1
ABC News (AU),Andrea Mayes and Damian Smith,Family 'turned upside down' after man critically injured by robot vacuum,"The family of a Perth man critically injured when a robot vacuum caught fire at his home say their lives have been ""turned upside down"" by the ""horrific"" incident.",https://www.abc.net.au/news/2026-07-07/perth-man-critically-injured-in-robot-vacuum-fire/106889884,2026-07-07T06:58:28Z,"The family of a Perth man critically injured when a robot vacuum caught fire at his home say their lives have been ""turned upside down"" by the ""horrific"" incident.
Lachie Perrem remains in the inten… [+2837 chars]",robot vacuum,1
Dailymail.com,Burney Wong,Inside the devastating destruction of a robot vacuum after explosion left a fiancé with burns to 75 per cent of his body and his home destroyed,"Lachie Perrem, 25, was left with burns to 75 per cent of his body after the devastating accident on Airgate Close at Brabham, in north-east Perth , on Thursday night.",https://www.dailymail.com/news/article-15958115/robot-vacuum-explosion-house-destroyed-brabham.html,2026-07-07T06:33:18Z,"Grim footage has emerged of the devastating damage left behind after a robot vacuum exploded in a home and left a young man fighting for life.
Lachie Perrem, 25, was left with burns to 75 per cent o… [+2958 chars]",robot vacuum,1
Ozbargain.com.au,Citrus,"[Prime] roborock Qrevo Curv 2 Flow Robot Vacuum&Roller Mop, Powerful 200… $1,199 (RRP $2,499) Delivered @ Amazon AU",I have it’s prequel and been quite happy with it overall. Features: SpiraFlow Real-Time Self-Cleaning Mop: The robot vacuum delivers spotless floors with eight precise hydration points …,https://www.ozbargain.com.au/node/966786,2026-07-07T06:18:48Z,"All trademarks are owned by their respective owners.OzBargain is an independent community website which has no association with nor endorsement by the respective trademark owners.
Copyright © 2006-2… [+32 chars]",robot vacuum,1
Ozbargain.com.au,ozchobie,[Prime] Coway Airmega 150 Hepa Air Purifier $199 (RRP $299) Delivered @ Amazon AU,My favourite no frills low profile air purifier. They look great and are easy to clean. Has good filtration ratings and affordable third party replacement filters available on Amazon. Available in …,https://www.ozbargain.com.au/node/966722,2026-07-07T02:54:17Z,"This post contains affiliate links. OzBargain might earn commissions when you click through and make purchases. Please see this page for more information.
My favourite no frills low profile air puri… [+1664 chars]",air purifier,1
Ozbargain.com.au,IlIlIl IlI llIIIl,[Prime] Philips Series 3000i Connected Air Purifier $299 (RRP $699) Delivered @ Amazon AU,"Features: FAST AND POWERFUL AIR PURIFICATION FOR XL ROOMS – Purifies spaces up to 135 m² in just 6 minutes, delivering fresh air to every corner; Advanced HEPA and Active Carbon filters …",https://www.ozbargain.com.au/node/966710,2026-07-07T02:13:27Z,"All trademarks are owned by their respective owners.OzBargain is an independent community website which has no association with nor endorsement by the respective trademark owners.
Copyright © 2006-2… [+32 chars]",air purifier,1
TechRadar,"sharmishta.sarkar@futurenet.com (Sharmishta Sarkar) , Sharmishta Sarkar",The Ninja DoubleStack at a record-low price of AU$189.95 is my pick of the best Prime Day air fryer deal — but there's more where that came from,"With record-low prices on some of the best air fryers money can buy, now is a good time to grab a scrumptious discount, with prices from just AU$93.",https://www.techradar.com/home/air-fryers/the-ninja-doublestack-at-a-record-low-price-of-aud189-95-is-my-pick-of-the-best-prime-day-air-fryer-deal-but-theres-more-where-that-came-from,2026-07-07T00:03:54Z,"Not all kitchens are made the same and I'm sure there are many of you who, like me, lament the lack of countertop space, think you need to compromise when choosing appliances like air fryers.
Not so… [+943 chars]",air fryer,1
Dailymail.com,Andrea Robertson,"The 'life-changing' robot vacuum that sells one every five minutes - and it's now more than $1,000 off on Amazon Australia: 'A godsend'","If you've been looking to upgrade your cleaning routine on a budget, a popular brand is offering a serious bargain on Amazon Australia, with huge savings of up to 72 per cent off.",https://www.dailymail.com/buyline/home-garden/article-15940329/The-life-changing-robot-vacuum-sells-one-five-minutes-1-000-Amazon-Australia-godsend.html,2026-07-06T23:33:50Z,"Daily Mail journalists select and curate the products that feature on our site. If you make a purchase via links on this page we will earn commission - learn more
If you've been eyeing a robot vacuu… [+6263 chars]",robot vacuum,1
Ozbargain.com.au,tm001,"[Prime] Roborock Qrevo Edge Robot Vacuum and Mop, 18,500Pa Suction $899 (RRP $2,799) Delivered @ Amazon AU",I think this is ATL for this Robot vacuum with excellent reviews. Features: [Dual Anti-Tangle System – Snag-Free Cleaning for Hair-Prone Homes] Say goodbye to tangled brushes. The …,https://www.ozbargain.com.au/node/966641,2026-07-06T23:06:16Z,"All trademarks are owned by their respective owners.OzBargain is an independent community website which has no association with nor endorsement by the respective trademark owners.
Copyright © 2006-2… [+32 chars]",robot vacuum,1
Ozbargain.com.au,Heebz,"[Prime] Dreame PT60 Air Fryer, 2.5L & 4.5L Capacity $179 (RRP $299) Delivered @ Amazon AU",Features: Healthy Glass Material Construction: Portable and safe design with durable glass material that allows you to bake freely without concerns Dual Capacity Options: Equipped with …,https://www.ozbargain.com.au/node/966640,2026-07-06T23:05:28Z,"All trademarks are owned by their respective owners.OzBargain is an independent community website which has no association with nor endorsement by the respective trademark owners.
Copyright © 2006-2… [+32 chars]",air fryer,1
TechRadar,Max Langridge,I'm a coffee machine expert and these 20+ Prime Day deals on models of all styles get my full recommendation,"The annual Amazon sale can often be relied upon for excellent savings on a huge range of coffee machines, and this year's sale is no different.",https://www.techradar.com/home/coffee-machines/best-prime-day-coffee-machine-deals-australia,2026-07-06T21:59:51Z,"If you spotted some tempting deals on coffee machines during the recent EOFY sales in Australia, but couldn't quite commit to the purchase, don't fret, because I've found a number of superb Prime Day… [+4953 chars]",coffee machine,1
Slickdeals.net,Dmytro_B,iRobot Roomba 505X Robot Vacuum & Mop Combo $499.99,"iRobot Roomba 505X Robot Vacuum & Mop Combo [amazon.com], 70x More Suction, Multifunction Dock, 75 Day Self-Emptying, Self-Cleaning & Hot Dry, Lifting Spinning Mop Pads, AI Obstacle Avoidance, Ideal...",https://slickdeals.net/f/19729296-irobot-roomba-505x-robot-vacuum-mop-combo-499-99,2026-07-06T20:58:53Z,"This collaborative space allows users to contribute additional information, tips, and insights to enhance the original deal post. Feel free to share your knowledge and help fellow shoppers make infor… [+26 chars]",robot vacuum,1
Ozbargain.com.au,Pace210,[Prime] Ninja Foodi Smart XL Grill & Air Fryer AG551 $210.80 Delivered @ Amazon AU view edit revisions votes,"This thing is 'the shit' It lives on the counter and gets used everyday. The review says it's dishwasher safe, but don't put electrical appliances in the dishwasher …",https://www.ozbargain.com.au/node/966599,2026-07-06T20:51:05Z,"This post contains affiliate links. OzBargain might earn commissions when you click through and make purchases. Please see this page for more information.
This thing is 'the shit' It lives on the co… [+429 chars]",air fryer,1
redmondpie.com,Oliver Haslam,Instantly Save 47% Off This Roomba Robot Vacuum And Mop Combo Device,"It's time to let a robot clean your floors, and this deal makes it more affordable than you might expect. The iRobot Roomba 705X would normally retail for around $1,400, but if you take advantage of this deal, you'll pay just $739.99.
The post Instantly Save …",https://www.redmondpie.com/instantly-save-47-off-this-roomba-robot-vacuum-and-mop-combo-device/,2026-07-06T19:08:16Z,"It’s time to let a robot clean your floors, and this deal makes it more affordable than you might expect. The iRobot Roomba 705X would normally retail for around $1,400, but if you take advantage of … [+1253 chars]",robot vacuum,1
Slickdeals.net,ppxyz1,Ninja Foodi XL Pro 10-in-1 Air Fryer & Toaster Oven Combo w/ 1800W True Surround Convection (DT201) $249.99 + Free Shipping,Amazon [amazon.com] has *Ninja Foodi XL Pro 10-in-1 Air Fryer & Toaster Oven Combo w/ 1800W True Surround Convection (DT201)* on sale for *$249.99*. *Shipping is free.*,https://slickdeals.net/f/19728858-ninja-foodi-xl-pro-10-in-1-air-fryer-toaster-oven-combo-w-1800w-true-surround-convection-dt201-249-99-free-shipping,2026-07-06T18:53:46Z,"This collaborative space allows users to contribute additional information, tips, and insights to enhance the original deal post. Feel free to share your knowledge and help fellow shoppers make infor… [+26 chars]",air fryer,1
Ozbargain.com.au,Masterchef69,[Prime] Sunbeam EM5000K Café Barista Coffee Machine | One-Touch Espresso… $140.99 (RRP $299) Delivered @ Amazon AU,"Features: The Easy Way to Great-Tasting Coffee: The one-touch control panel allows you to select an espresso, cappuccino or latte, then does the hard work for you to produce delicious, …",https://www.ozbargain.com.au/node/966588,2026-07-06T18:29:06Z,"All trademarks are owned by their respective owners.OzBargain is an independent community website which has no association with nor endorsement by the respective trademark owners.
Copyright © 2006-2… [+32 chars]",coffee machine,1
Slickdeals.net,idk_then,Shark Matrix Self-Empty Robot Vacuum (RV2300S) $157.32 + Free Shipping,vipoutlet via eBay [ebay.com] has *Shark Matrix Self-Empty Robot Vacuum (RV2300S)* on sale for $171 - 8% off when you apply promo code *VIPJULYTAKE8* at checkout = *$157.32. Shipping is free.*,https://slickdeals.net/f/19728585-shark-matrix-self-empty-robot-vacuum-rv2300s-157-32-free-shipping,2026-07-06T17:47:35Z,"This collaborative space allows users to contribute additional information, tips, and insights to enhance the original deal post. Feel free to share your knowledge and help fellow shoppers make infor… [+26 chars]",robot vacuum,1
The-independent.com,Bruce Weinstein and Mark Scarbrough,The deli classic you can make in an air fryer — it’s perfect for hot summer days,Chefs Bruce Weinstein and Mark Scarbrough offer a fun twist on the classic sandwich by using hot dogs,https://www.the-independent.com/life-style/food-and-drink/reuben-hotdog-sandwiches-air-fyer-recipe-b3009874.html,2026-07-06T15:58:07Z,"Your support helps us to tell the story
From reproductive rights to climate change to Big Tech, The Independent is on the ground when the story is developing. Whether it's investigating the financia… [+3465 chars]",air fryer,1
Dailymail.com,Ashley Nickel,Aussie man in critical condition after robot vacuum explodes in freak accident,"Lachie Perrem, 25, was burned by fire in the kitchen of his home on Thursday afternoon.",https://www.dailymail.com/news/article-15956483/robot-vacuum-explode-Brabham-fire.html,2026-07-06T14:13:11Z,"A young man has suffered burns to 75 per cent of his body in a suspected robot vacuum explosion.
Lachie Perrem, 25, was burned by fire in the kitchen of his home in Brabham, northeast Perth, on Thur… [+1828 chars]",robot vacuum,1
PCWorld,Author: Michael Ansaldo,Dreame L60 Pro Ultra review: The robot vacuum that doesn’t get stuck,"At a glance
Expert's Rating


Pros

<ul>
<li>ProLeap climbing system helps it clear barriers that strand many robot vacuums </li>



<li>Strong vacuuming and mopping performance </li>



<li>Automatic mop removal is genuinely useful for rugs and carpeted a…",https://www.pcworld.com/article/3158207/dreame-l60-pro-ultra-review.html,2026-07-06T10:30:00Z,"Skip to contentType your search and hit enter
When you purchase through links in our articles, we may earn a small commission. This doesn't affect our editorial independence
.
At a glance
<ul><li… [+10688 chars]",robot vacuum,1
Dealnews.com,,Shark AV2501AE AI Robot Vacuum w/ XL HEPA Self-Empty Base for $270 + free shipping,"At Amazon, get the Shark AV2501AE AI Robot Vacuum for $270. It's the best price we could find by $270. Shipping is free. Buy Now at Amazon",https://www.dealnews.com/Shark-AV2501-AE-AI-Robot-Vacuum-w-XL-HEPA-Self-Empty-Base-for-270-free-shipping/21883373.html,2026-07-06T10:11:29Z,"moreAmazon's Lightning Deals collection includes markdowns of 50% or more across categories like electronics, home goods, and apparel, with free shipping included for Prime members. Deals include ite… [+236 chars]",robot vacuum,1
Dealnews.com,,Shark AV2501AE AI Robot Vacuum w/ XL HEPA Self-Empty Base for $270 + free shipping,"At Amazon, get the Shark AV2501AE AI Robot Vacuum for $270. It's the best price we could find by $270. Shipping is free. Buy Now at Amazon",https://www.dealnews.com/Shark-AV2501-AE-AI-Robot-Vacuum-w-XL-HEPA-Self-Empty-Base-for-270-free-shipping/21883373.html,2026-07-06T10:11:29Z,"moreAmazon's Lightning Deals collection includes markdowns of 50% or more across categories like electronics, home goods, and apparel, with free shipping included for Prime members. Deals include ite… [+236 chars]",robot vacuum,1
Slickdeals.net,Immortalsolitude,Used/Like New Condition: 4-Quart Ninja 4-In-1 1500W Air Fryer (Grey) $40.75 + Free S&H,"Amazon Resale via Amazon has Used/Like New Condition: 4-Quart Ninja 4-In-1 1500W Air Fryer (Grey/AF101) on sale for $40.75. Shipping is free.

Note, product will be sold by Amazon Resale and fulfill",https://slickdeals.net/f/19725462-open-box-ninja-air-fryer-4-qt-capacity-1550-watt-grey-af101-40-75-at-amazon-resale,2026-07-06T06:47:38Z,"This collaborative space allows users to contribute additional information, tips, and insights to enhance the original deal post. Feel free to share your knowledge and help fellow shoppers make infor… [+26 chars]",air fryer,1
Slickdeals.net,phoinix,$269.99* | Shark AV2501AE AI Robot Vacuum with XL HEPA Self-Empty Base at Amazon,"Amazon [amazon.com] has *Shark AV2501AE AI Robot Vacuum with XL HEPA Self-Empty Base* for *$269.99*. 
*Shipping is free*. 
 
***Previous *Popular Deal* at *$270* with *6* Deal Score and 0 comments. 
...",https://slickdeals.net/f/19725963-269-99-shark-av2501ae-ai-robot-vacuum-with-xl-hepa-self-empty-base-at-amazon,2026-07-06T04:14:00Z,"This collaborative space allows users to contribute additional information, tips, and insights to enhance the original deal post. Feel free to share your knowledge and help fellow shoppers make infor… [+26 chars]",robot vacuum,1
Slickdeals.net,Immortalsolitude,Open Box- Ninja Air Fryer | 4 QT Capacity 1550 watt | Grey | AF101 $40.75,"Amazon resale has open box Ninja Air Fryer | 4 QT Capacity for $ 40.75 
 
https://www.amazon.com/dp/B07FDJMC9Q",https://slickdeals.net/f/19725462-open-box-ninja-air-fryer-4-qt-capacity-1550-watt-grey-af101-40-75,2026-07-06T01:14:17Z,"This collaborative space allows users to contribute additional information, tips, and insights to enhance the original deal post. Feel free to share your knowledge and help fellow shoppers make infor… [+26 chars]",air fryer,1
Dessertfortwo.com,Christina Lane,Air Fryer Turkey Burgers,"Air fryer turkey burgers in less than 30 minutes! Don't miss the creamy feta dip on top. Recipe makes 2 burgers, but can be doubled.",https://www.dessertfortwo.com/air-fryer-turkey-burgers/,2026-07-05T19:13:42Z,"This post may contain affiliate links. Please read our disclosure policy.
If you’ve never used your air fryer to make burgers, lean in! We’re making spicy Air Fryer Turkey Burgers for two with an ir… [+4600 chars]",air fryer,1
Slickdeals.net,JohnDubya,"$69.99: Instant Pot Vortex Plus 6-in-1 Mini Air Fryer, 4 Quarts, Stainless Steel at Amazon","Amazon.com [amazon.com] has Instant Pot 4QT Vortex Plus 6-in-1 Mini Air Fryer, Custom Program Options, Crisps, Broils, Roasts, Dehydrates, Bakes, Reheats, 100+ In-App Recipes, Stainless Steel,4 Quarts",https://slickdeals.net/f/19724463-69-99-instant-pot-vortex-plus-6-in-1-mini-air-fryer-4-quarts-stainless-steel-at-amazon,2026-07-05T17:57:16Z,"This collaborative space allows users to contribute additional information, tips, and insights to enhance the original deal post. Feel free to share your knowledge and help fellow shoppers make infor… [+26 chars]",air fryer,1
Slickdeals.net,phoinix,$249.95* | Ninja Crispi Pro 6-in-1 Glass Air Fryer w/ 6-qt & 2.5-qt Containers (Various) at Amazon,"Amazon [amazon.com] has Ninja Crispi Pro 6-in-1 Glass Air Fryer w/ 6-qt & 2.5-qt Containers (Various) for $249.95.
Shipping is free.Ash Grey [amazon.com] - $249.99
Bone [amazon.com] - $249.95
Cyb",https://slickdeals.net/f/19724157-249-95-ninja-crispi-pro-6-in-1-glass-air-fryer-w-6-qt-2-5-qt-containers-various-at-amazon,2026-07-05T16:49:33Z,"This collaborative space allows users to contribute additional information, tips, and insights to enhance the original deal post. Feel free to share your knowledge and help fellow shoppers make infor… [+26 chars]",air fryer,1
CNET,David Watsky,Why Every Hot Dog I Make From Now On Is Coming Out of the Air Fryer,The air fryer delivers crispier hot dogs in less time and with dramatically less cleanup than any method involving a grill.,https://www.cnet.com/home/why-every-hot-dog-i-make-from-now-on-is-coming-out-of-the-air-fryer/,2026-07-05T14:00:40Z,"There's no law that says a hot dog has to come off a grill. What people actually want from a hot dog is a caramelized, slightly snapping casing and a juicy center, and the air fryer gives you both of… [+4096 chars]",air fryer,1
Slickdeals.net,pennysave,Shark BreatheClear Compact Pro Smart Air Purifier HP062 (2026) $179.99 + Free S&H at Amazon (1 replies),"Amazon.com has Shark BreatheClear Compact Pro, Smart Air Purifier, Nursery, Dorm, Bedroom, Motion Sensing, HEPA-Exceeding In All Modes, No Filter Changes up to 6 Years, Dove, HP062 (2026) for $179.99.",https://slickdeals.net/f/19723650-shark-breatheclear-compact-pro-smart-air-purifier-hp062-2026-179-99-free-s-h-at-amazon,2026-07-05T12:33:03Z,"This collaborative space allows users to contribute additional information, tips, and insights to enhance the original deal post. Feel free to share your knowledge and help fellow shoppers make infor… [+26 chars]",air purifier,1
Dealnews.com,,Open-Box Chefman TurboFry 6-Quart Digital Air Fryer for $28 + free shipping,"This Chefman TurboFry air fryer drops to $27.60 with coupon code ""VIPJULYTAKE8"", down from the $49.98 list price. That's the lowest price we've ever seen on this one. It's listed as open box, and the stainless steel design and 6-quart capacity offer enough ro…",https://www.dealnews.com/Open-Box-Chefman-Turbo-Fry-6-Quart-Digital-Air-Fryer-for-28-free-shipping/21879088.html,2026-07-05T09:15:44Z,"moreThis eBay Refurbished sale spans laptops, desktops, tablets, and audio gear with savings even higher than noted in the banner. The Sony WH-1000XM5 headphones are $147, down from $400, and the DEL… [+535 chars]",air fryer,1
